metric,cv_mean,cv_sd,n_splits
average_precision,0.5750913452703578,0.08639655344140611,5
