metric,cv_mean,cv_sd,n_splits
average_precision,0.6740533131174942,0.13047526662045508,5
